Agent,Time,Method,Resource,Version,StatusMozilla/5.0 (Windows NT 10.0; Win64; x64) AppleWebKit/537.36 (KHTML like Gecko) Chrome/148.0.0.0 Safari/537.36,2026-05-18T21:20:48.448Z,GET,/,HTTP/1.1,304
Mozilla/5.0 (Windows NT 10.0; Win64; x64) AppleWebKit/537.36 (KHTML like Gecko) Chrome/148.0.0.0 Safari/537.36,2026-05-18T21:20:48.861Z,GET,/favicon.ico,HTTP/1.1,304
Mozilla/5.0 (Windows NT 10.0; Win64; x64) AppleWebKit/537.36 (KHTML like Gecko) Chrome/148.0.0.0 Safari/537.36,2026-05-18T21:20:50.631Z,GET,/,HTTP/1.1,200
Mozilla/5.0 (Windows NT 10.0; Win64; x64) AppleWebKit/537.36 (KHTML like Gecko) Chrome/148.0.0.0 Safari/537.36,2026-05-18T21:20:50.910Z,GET,/favicon.ico,HTTP/1.1,200
Mozilla/5.0 (Windows NT 10.0; Win64; x64) AppleWebKit/537.36 (KHTML like Gecko) Chrome/148.0.0.0 Safari/537.36,2026-05-18T21:20:51.482Z,GET,/,HTTP/1.1,200
Mozilla/5.0 (Windows NT 10.0; Win64; x64) AppleWebKit/537.36 (KHTML like Gecko) Chrome/148.0.0.0 Safari/537.36,2026-05-18T21:20:51.771Z,GET,/favicon.ico,HTTP/1.1,200
Mozilla/5.0 (Windows NT 10.0; Win64; x64) AppleWebKit/537.36 (KHTML like Gecko) Chrome/148.0.0.0 Safari/537.36,2026-05-18T21:20:54.735Z,GET,/logs,HTTP/1.1,200
Mozilla/5.0 (Windows NT 10.0; Win64; x64) AppleWebKit/537.36 (KHTML like Gecko) Chrome/148.0.0.0 Safari/537.36,2026-05-18T21:20:55.234Z,GET,/favicon.ico,HTTP/1.1,200
Mozilla/5.0 (Windows NT 10.0; Win64; x64) AppleWebKit/537.36 (KHTML like Gecko) Chrome/148.0.0.0 Safari/537.36,2026-05-18T21:20:58.509Z,GET,/logs,HTTP/1.1,200
Mozilla/5.0 (Windows NT 10.0; Win64; x64) AppleWebKit/537.36 (KHTML like Gecko) Chrome/148.0.0.0 Safari/537.36,2026-05-18T21:20:58.792Z,GET,/favicon.ico,HTTP/1.1,200
node-superagent/2.3.0,2026-05-18T21:22:10.675Z,GET,/,HTTP/1.1,200
node-superagent/2.3.0,2026-05-18T21:22:10.683Z,GET,/,HTTP/1.1,200
node-superagent/2.3.0,2026-05-18T21:22:10.687Z,GET,/,HTTP/1.1,200
node-superagent/2.3.0,2026-05-18T21:22:10.692Z,GET,/,HTTP/1.1,200
node-superagent/2.3.0,2026-05-18T21:22:10.695Z,GET,/,HTTP/1.1,200
node-superagent/2.3.0,2026-05-18T21:22:10.698Z,GET,/,HTTP/1.1,200
node-superagent/2.3.0,2026-05-18T21:22:10.701Z,GET,/,HTTP/1.1,200
node-superagent/2.3.0,2026-05-18T21:22:10.704Z,GET,/,HTTP/1.1,200
node-superagent/2.3.0,2026-05-18T21:22:10.709Z,GET,/logs,HTTP/1.1,200
node-superagent/2.3.0,2026-05-18T21:22:10.714Z,GET,/logs,HTTP/1.1,200
